{
  "num_items": 100,
  "z_error": {
    "mean": 1.7383618275709227,
    "std": 0.9303768518650128,
    "min": 0.5716725042093804,
    "max": 6.081354999338651,
    "percentile_25": 1.0970257315174763,
    "percentile_50": 1.4294328653026556,
    "percentile_75": 2.118141230100721
  },
  "relative_error": {
    "mean": 25.73269421692515,
    "std": 14.157000533147041,
    "min": 8.11484099500755,
    "max": 78.38551695971906
  },
  "direction_error": {
    "mean": 12.808145435463475,
    "std": 5.823920912730472,
    "min": 3.9545271500473285,
    "max": 26.78301964351058
  }
}