{
  "num_stroke_pixels": 2301,
  "num_valid_comparisons": 1817,
  "mae": 0.39438931536919875,
  "mean_relative_error_percent": 1.3618711662947764,
  "median_relative_error_percent": 0.8691652161030279,
  "scale_factor": 30.07812806245688,
  "vggt_depth_range": [
    0.8189404010772705,
    1.174676537513733
  ],
  "gt_depth_range": [
    24.202029234396413,
    35.39038673802736
  ]
}