{
  "num_stroke_pixels": 1687,
  "num_valid_comparisons": 1135,
  "mae": 0.5867318085186103,
  "mean_relative_error_percent": 1.9004816423394522,
  "median_relative_error_percent": 1.170668467346695,
  "scale_factor": 30.17239898453774,
  "vggt_depth_range": [
    0.781200110912323,
    1.1848235130310059
  ],
  "gt_depth_range": [
    23.604942001120016,
    36.361071471041484
  ]
}